username,full_text
namasayasyfaaa,guru honorer dia rendahin banyak anak baca nulis ngitung kerja mulia kaya gitu bisa ya bina memang gaji guru honorer rendah bukan salah guru salah sistemasi perintah yang kurang appreciate guru honorer
RacunShopee999,lagi guru honorer harus pulung gaji tidak untuk biaya hidup sadar diri hidup enak ada pensiun banyak rakyat makan hari saja masih juang
pj0ngseong,harus malu perintah soal gagal beri gaji layak guru honorer
rahmania48,sakit hati paling akut ketika dianggep beban sama sendiri kenya anak gaji gede punya hasil banyak kerja beliau ngatur spd guru oke turutin jadi guru honorer gaji dikit banget malah bilang bensin bpjs sing bayar
netytarigan,karya 5 anggota dpr pensiun umur hidup fasilitator guru honorer terjang jalan rusak bangun sdm indonesia malah gaji kecil pensiun jelas
akungue46826770,kakaku honorer semenjak lulus sarjana gaji guru kata cuma isi bensin
NenkCici4,malu sih cuma sedih justru mata lain guru meski honorer pandang padahal asli miris banget kerja bulan gaji bayar cuma minggu mana tepat waktu kadang 2 3 bulan baru gaji boro-boro nabung ongkos boncos
voiceS_Yoongi,lebih malu jabat nentuin bijak gaji guru honorer
AlyaKohl,turut si kuliah guru honorer kerja rendah anak disekolahin kan diajarin sama guru tertawa kalian guru honorer kurang puas gaji bukak les rumah temu 50 ribu minggu 2 kali murid 20 lumayan
Synkysss,heran sama masih ngerendahin guru honorer padahal mereka tau guru honorer gaji sedikit masih ikhlas ridho sepenuh hati ngajar anak murid loh semangat semua bapak ibu guru honorer
anakpelikan,gaji guru honorer rendah tetap guru tuh kerja mulia ngapain malu
Chillaxest,aneh banget gaji guru nakes honorer engap-engapan malah ngasih wakil tidak wakil rakyat uang pensiun umur hidup bener ngabisin anggar negara
zevanganendra,moga indonesia naikin gaji guru honorer biar hina gin
dariguruhonorer,sip gaji honorer mana mana
FaedahPagi,guru harus ngadepin anak bandel ada awal gaji berapa pensiun umur hidup juga pns honorer lebih sedih
mojokdotco,guru honorer tanggung totalitas serius ngajar meski gaji sampai rupiah 500 ribu malah musuh anggap bikin repot guru gaji lebih tapi niat ngajar
TMIHARINI,rendah tingkat literasi uang digital masyarakat masalah sejahtera guru jadi faktor utama jerat pinjam online ilegal dasar lapor jaring p2g daerah banyak guru honorer terima gaji bawah standar bahkan
fluktuatif,gaji pegawai becuk berapa sih lebih kurang guru honorer apa gimana sampe curi
noanggio,padahal anggar event nya buat gaji guru honorer 1
arrosyid_cahya,gaji guru honorer 2 juta mas beneranapa dar janji
Muhammad_nsyam,percuma punya banyak guru gaji guru honorer kalah sama uang jajan anak sma jaksel lagi komentar kaya gin mau banyak apa guru murid ada mau percuma
oldnicktr,ini guru konten kreator kali speak up mobilisasi protes utama nuntut upah guru honorer kasihan sumpah gaji guru honorer
chusnusuroyyaa,allah padahal banyak guru honorer jauh lebih derita guru influencer mbok anggar pakai naikin gaji guru honorer acara begini 
heinnana,sekolah aph negri jadi kerabat dekat guru guru minimal bayar 15 juta jadi honorer gaji 300 ribu
yaemiawko,tabung sering banget teman tanya dia uang saku bulan besar gaji guru honorer ini ponsel mana
Sean_Alma,guru pns gaji tunjang bagus guru sekolah internasional yang sedih kan gaji guru honorer jelas anggar kaya guru nama bidang didik pasti tidak akan kaya usaha atau pegawai corporate raksasa
dariguruhonorer,guru honorer sopir mertua guru pns habis nganter mertua sekolah lanjut sekolah naik mobil kira murid wih naik mobil padahal gaji honorer cukup beli bensin mobil bulan
jundy_id,silah banding jumlah asn guru gaji lebih tinggi butuh jumlah asn honorer hidup gaji bawah keluar butuh
khe9803,saat anies baswedan naik pimpin dki selaku guru swasta rasa bantu bijak anggar hibah didik khusus guru swasta sekolah negeri mereka terima gaji ump honorer
48squadsama,pajak kaoo bayar buzzer mending urus tuh gaji guru honorer
liketiramissyou,padahal asal kalian tau guru honorer sekolah swasta gaji standar guru honorer hitung matematika gaji segitu gabakal buat nutup butuh masya allah gaji segitu selalu buat sampe akhir bulan karna berkah
badutjalanan145,kamu lihat guru pns nya lihat honorer nya gaji pns sama honorer bagai langit sama bumi
hantuuu16_,teman guru honorer gaji awal 100 ribu bulan sekarang naik 600 ribu bulan mana kata itu sekolah benar guru gaji pahala si
Remajasehat2,gimana tapi memang nyata banyak gaji guru honorer rendah
bedakbayiiik,sender memang rendah gaji guru suami honorer gaji paro umr malah gede gaji tukang bangun
zezexixizexi,guru asn punya rumah mobil hasil gadai sk bank lebih gaji bulan balik ke setel default aps honorer sender
zezexixizexi,guru asn punya rumah mobil hasil gadai sk bank lebih gaji bulan balik ke setel default aps honorer
Tamaechan_,gar bawah guru mana sudah serdik iya lumayan tunjang guru golong jabat tinggi iya gede gaji pokok guru swasta yayasan nya bagus tuntut kerja nya bagus kalau guru honorer gaji sampai
AqqilaDinda,gaji guru honorer rendah sender aku guru honorer gaji cuma 500 pun gaji sering tahan malah keluar bulan bulan
BruleLecitin,coba lebih banyak lihat dunia sender jangan sosmed mulu bukan dar stigma nyata gaji guru honorer 300 ribu bulan masih kalau guru punya rumah punya mobil coba benar cek darimana dapetnya dana bos bisnis duit pasang duit tua waris gaji
xyflosandria,kan sering bilang guru pahlawan tanda jasa gaji honorer pun kecil baru lulus kuliah tampar fakta gaji bawah umr mana ikut ppg makanya mau cepet mapan sulit tahap asn nya susah saing banyak
xyflosandria,nyata mba guru honorer gaji paling mahal kalau negeri 2juta bahkan teman ku yang ngajar smp gaji 600 ribu di tahan sampe 3 bulan
partofaries,lihat gaji guru honorer deh
looctus,tertawa emang gaji guru serendah buat bilang jangan cuma lihat gaji guru asn honorer gimana sudah buat guru yang tiap ngajar berangkat pagi pulang sore tetap hargain rendah apa gaji guru honorer yang dari dana bos setiap-
shinewithmoa14,baru lewat tertawa fakta guru honorer gaji beneran kecil banget tidak jamin kapan honorer harus tau sender ibu guru salah sd daerah beliau cerita gaji honorer 1 bulan cuma bayar 100 ribu
Unknownxxx93,msiih bnyak guru honorer mbak jujur guru honorer utg an dapat gaji bulan biasa itu sekolah negeri sih dapat triwulan sesuai sekolah lebih tepat
hkmbcz,mau beli mobil apa coba gaji segitu misal ketemu guru honorer kaya raya punya mobil mungkin memang asal keluarga kaya dia punya usaha kerja dengan gaji gede
hkmbcz,karena memang gaji guru rendah sender utama honorer asal tahu sender jumlah lebih banyak guru honorer asn tau karna kerja sekolah rata gaji guru honorer tk daerah 200-500 sd mi 500 1 juta an
jsnsvsusiksddbn,tempat malah gaji guru honorer sampe 800 ribu mentok paling banyak 600 ribu bulan mana kerja bawa pulang alias lembur rumah ada duit lembur
IAbogeng29340,kalok guru pns sih oke honorer kasihan hampir jarang tidur gaji berapa bahkan sedikit yang telat gaji sangat sayang ini gaji guru di sama jangan beda honorer pns
tohaulia,kalau honorer mah sender berapa komenan ttg gaji murah guru terus cengcengin ken injek pala
hateverybodyy,ngoceh base mending buka google cari data gaji rata guru indonesia sama cari banding jumlah guru asn guru honorer fg jurus guru indonesia coba lihat senjang maaf soal sejahtera guru salty banget emang nyata kecil banget
viajesry,kan asn luar masih banyak guru honorer pula memang fakta sih gaji guru rendah
1984Gobul,guru profesi sangat hindar siswa-siswi pintar indonesia masa depan gelap sistem gaji honorer
adeaahmad_a,cuma indonesia guru honorer sender gaji layak sebut gaji lebih banyak jumlah banding guru pns tidak heran tidak banyak mau
vaabulous_,fakta gaji guru memang rendah terus semua guru status asn banyak honorer asn guru tidak semua tpg
ScFreed0m,memang fakta semua dapet tunjang semua punya mobil 2 jadi honorer yang aku beli cuman makan guru dibutuhin diludahin gaji tidak sesuai tanggung
jevouiz,ngomong gaji guru rendah karna sebenernya peduli atas adil profesi guru sangat miris indonesia malah aneh singgung arti tidak care ya cuma fokus asn yang jumlah lebih banyak guru honorer
cunilcomel,semua guru asn catet teman juga guru honorer kasi lihat slip gaji gede gaji art mana gaji cuma bensin doang ya indonesia tuh guru apresiasi gaji padan
jubBraann,sender gatau gaji guru honorer
daredefvil,fakta gaji guru honorer mostly memang dikit apa ngajar sekolah negeri banting banget liat banyak guru yang angkat pns nyekolahin sertifikasi beli mobil rumah lain
kj_enthusiast,hai sender orang guru honorer aku mau bilang tidak semua guru punya tunjang profesi asn jumlah guru honorer indonesia bisa bilang besar wajar stigma gaji rendah lekat
fakedukseon,tertawa diskursus gaji guru honorer vs asn nyaris tiap bulan sudah kaya diskursus soal tom vs summer split bill pas first meet sender misal tarik bahas profesi guru sila dm yes jelasin bingung
boo_minghao_o,beneran tahu apa mah mancing emosi bagai lulus jurus didik isu soal gaji guru rendah selalu topik diskusi karna guru honorer gaji bayar bulan bulan kamu maen bang pelosok bang tanyain coba gaji guru situ aman tidak
Mly17128177,soal guru ada 3 kategori eh 1 guru honorer gaji sesuai mampu sekolah 2 guru pns p3k tidak punya serdik cuma gaji pokok doang 3 guru pns p3k punya serdik yang sejahtera guru kategori 3 dia gaji pokok tpg
yosep_far,yang percaya ya ada orang guru honorer smp ngajar bahasa indonesia gaji 1 1 juta terus malam jaga malam kantor ob gaji 2 6 juta biar hidup mesti double job siang malam biar hidup layak ngandelin gaji guru honorer bakal mepet sekali
cuttiepies_,memang rendah bayangin masa abdi honorer 12 telah angkat gaji bulan cuma 3 5 juta mengcover biaya biaya sudah dikeluarin masih honor gaji 200 ribu buk lagi tugas guru tuh berat kamu lihat bandingin itu sama gaji guru negara
prplbtss,kecil tuh honorer banding kerja yang sama honor bukan guru gaji lebih gede si guru honorer
snowiesh,jawab sama mf sendiri sih sender asn mau gaji jamin masalah asn tidak mudah dan banyak guru kan memang honorer ya
yourflowerhanna,1 semua guru asn pppk 2 semua guru honorer provinsi 3 semua guru bayar umr kabupaten kota 4 semua guru beri uang tambah kerja tambah 5 semua guru gang lain tambah gaji sisa bayar jam 100 ribu bulan jam ajar
veypranne,fakta sender mama ku guru honorer gaji bulan cuma 150 ribu 200 ribu itu kadang bayar
litaaja,guru satu asn hal tunjang hal lagi guru sekolah negeri sekolah swasta status asn honorer p3k kotrak tetap karyawan tetap tunjang sertifikasi tidak semua guru ikut ppg bom bisa gaji variatif
kaazellika_,fatkanya semua gaji guru tinggi banyak rendah apa honorer
sparkloeeey,kalau asn sekarang asn guru ribet guru honorer mah kesi kamu bayangin kuliah mahal s1 gaji 300 800 ribu bulan jobdesk sama bahkan lebih banyak asn beban moral masyarakat orang tua siswa banyak banding sama buruh lulus sma gaji umr protes percuma
Lhopitals_,memang fakta gitu sender contoh lihat slip gaji honorer seucrit gitu buat hari mau guru
wooaffi,sumpah gaji guru emang sedikit ya apa swasta biasa gitu tempat umr 51 juta gaji guru honorer 800 ribu
jichening,sender tau biar dapet gaji bisa beli mobil guru jungkir balik ikut sertifikasi bagai bagai segmn susah fakta memang gaji guru banding sama beban kerja bom honorer
NHiyyihlight,guru honorer btw hampir semua guru honorer daerah memang gaji 10000 rupiah jam ajar bagi 6 jam cuma 60 ribu tuntut administrasi banyak tanggung buat didik anak berat kurikulum gonta ganti lain musingin gaji segitu
wanmesin,guru nyaman angkat pns sekarang pppk sedangakan guru honorer gaji gantung sekolah kota yang nyentuh 15 juta desa beda di desa gaji guru nyentuh 600 ribu sudah bagus ntah uang bos spp apa itu
daegbyu,semua guru langsung asn nder banyak guru guru honorer gaji nya maaf bilang tidak layak kerja nya serius dapet gaji nya becanda
hehe_ajadulu,1 banyak guru honorer gaji kadang rapel 3 bulan itu jatuh bulan kurang lebih 500 ribu bahkan kadang yang 300 ribu gantung potong bantu banget pas terima p3k gaji lebih baik kalau honor
Wassup123p,betul lewat tiktok alvi guru honorer paksa mulung gaji cukup
scaranauva,pandang cuma guru honorer sih jujur memang iya sih gaji guru belum asn tuh jangan hidup keluarga diri sendiri kadang cukup daftar asn saing bejibun syarat tidak mudah alias susah banget
aouwwdee_,tunjang apa apa kalau guru sekolah negeri bokap baru cerita kata punya kenal guru honorer gitu gaji cuma 180 bulan mau ngelamar sekolah yang swasta fakta mah sender
y00ngirlll,sender nyokap guru swasta gajih cuma 2 5 juta potong tabung bulan bersih cuma 1 5 juta tertawa gaji guru swasta honorer emang kecil banget teman kalau pns baru deh gaji lambung tinggi tertawa
kyungsooro,guru asn memang banyak tunjang kalau honorer emang gaji alakadarnya
Choose_anoy,guru honorer guru biasa guru asn akhir yang punya gaji ples tunjang
batas_ambang,negara konoha guru berat gaji honorer bulan 400 ribu beli laptop alat aga ajar spidol guru beli tidak heran guru bolos ngajar jadi tukang ojeg sudah pepet tagih pinjol
najaejae141402,tidak semua guru asn banyak guru honorer apa sekolah swasta sekolah bayar cuma 50-100 ribu bulan gaji guru 500-800 ribu bulan tunjang guru perintah rapel 3 bulan sekali terus guru di desa dalam juga banyak
ongesaranghae,semua guru asn yang honorer gaji manusiawi bahkan jarang gaji rapel bulan enggak manusiawi
__sasotya,usah denial gaji guru memang rendah asn tau asn sulit gimana apa sekarang maksimal usia buat daftar maksimal 35 bayangin usia atas dan honorer usah padahal padahal kalau tau fakta lapang
2ndepiphyllum_,loh memang nyata gaji guru tuh banyak apa sekitar lumayan banyak guru honorer mau mau bakal nganggep gaji guru berapa
MeungjiRoot,guru honorer maupun asn dapet gaji lembur sama gaji nyabarin anak tantrum soal kak bisa nyambi dilakuin
empingcoklat,gaji sudah sertifikasi sekolah bom sertif saya syukur kerja gaji memang paling kasihan guru honorer gaji mampu sekolah bulan 500 ribu dah tinggi tiap 3 bulan insentif pemda tetap saja beban ngajar sama gaji beda
aderr_,mamah papah alhamdulillah masuk guru gaji cukup tidak nutup mata di luar masih banyak banget guru gaji kecil apa honorer
Ruddytabooty69,sender tau tampol pakek sandal swallow mulut honorer gaji lebih parah pns iku gaji daerah masing masing punya mobil lain putar otak butuh penuh guru itu passion kerja layak semua
strongwolfie,real min guru honorer tuh gaji cuman ratus ribu kerja tumpuk dia semua syukur syukur bulan turun gaji sering gaji honorer cuman segitu lahap ama kepala sosial
ayayayaida,honorer memang rendah sender gaji sakit banget asli padahal guru kerja mulia keren gaji sedih banget gaji 250 ribu rapel 3 bulan jangan kan jajan uang ongkos tidak nutup
bebas_l,mas banding rata jumpah asn vs guru honorer 15 mas load kerja sama gaji asn tukin lain bulan sampe 8 juta honorer bulan gantung jam ngajar mas rata dapet 800-1jutaan bulan
viorisolmayo,memang kecil sender honorer apa papa guru jadi asn jabat tinggi dulu baru punya gaji kayak sekarang dulu mah susah alhamdulillah roda putar
deeep_seaaaa,pandang rendah kenyatana banyak gaji guru tidak layak asn jangan tanya gaji kalau honorer mana
haneul_o_o,banyak gelar spd mau guru mau pns sekarang p3k susah pns anak kuliah dapet ukt golong tinggi honorer beban kerja sama gaji tidak sesuai
haneul_o_o,gaji guru honorer memang rendah yang mobil rumah pribadi padahal guru mungkin 1 rumah orang tua 2 pasang bukan guru 3 pns pangkat tinggi 4 punya usaha samping
_inisiapaa,memang nyata apa guru honorer rata gaji 1 juta tidak nyampe bahkan guru tk dapet 500 ribu bulan sudah alhamdulillah banget soal rata bawah
StarRabbit15,bilang gaji guru rendah kadang mandang ngerendahin guru nya sengaja kritik jabat negara masa guru abdi nya gaji dikit banget yang guru honorer gaji lebih parah
songparksoe,temenku guru honorer 12 baru tahun angkat asn terus bilang sekarang gaji beda banget sebuln gaji kali awal bulan gaji pokok tengah bulan uang tunjang happy for him soal juang jadi guru asn lama sekali banyak drama
hii_dudeew,tak kasih tau sender teman ku guru sd bulan cuma 250 ribu 3 bulan sekolah baru dapet gaji sekali doang alias dia guru honorer guru beli mobil rumah lain biasa sudah pns itu guru sudah tahun tidak semua guru begitu
Cungkri46356457,guru honorer guru sekolah swasta kecil sekian lulus jurus guru sedikit yang guru pns gaji tunjang sertifikasi bisa sampai 8 juta up
lzyjj,di indonesia dipake guru pahlawan tanda jasa gaji guru honorer masih rendah dari dulu suruh ikhlas dengan alas abdi kata guru perlu makan
imstrhmwt,cobain dulu baru bikin statement kaya gitu banyak tuu guru honorer gaji 250 bulan bahkan bawah
NoturHabibtiiii,sender nih gimana sih tertawa fakta situ ngomong juga riset tidak semua guru dapat gaji tiap bulan apa honorer gaji 400 3 bulanmana tunjang fakta lapang apa di timur banyak banget guru yang tidak dapet gaji
inmydnaaaa,coba sekarang pns guru p3k kontrak 5 dengan gaji 3-4 juta bulan bom potong bulan berapa buat apa sisa dikit apa honorer mentok gede 600-700 kasih baik mau ngajuin tidak gimana 100-300 300-500
Mbull28748201,banyak tidak mau guru diakivatkan beda gaji sangat tajam guru pns honorer
RossyBmba46,harus kuliah terus dosen ganti cuman segitu yang dosen honorer guru kuliah cuman sekali paling banter 2 kali mau kelapa sekolah memang banyak guru honorer gaji cuman segitu bahkan lebih rendah apa yang tua
twooneputry,nder jangan 800 200 itu rata guru honorer guru yang pns sering nunggak gaji masih kalah sama gaji kakak yang guru swasta
Fikfinicky990,guru gaji rendah honorer swasta yayasan kecil pns swasta yayasan gede gaji gede
wooseokyeochin,padahal sn lumayan gaji tunjang liat doang guru honorer lama 18 dan baru ketrima asn pas mau masuk kuliah lama 18 apa iya dapat hikmah tertawa terima tidak gampang bolak balik ikut cpns kalah sama yang fres grad mau
wooeongie,semua sekolah pake guru tetap banyak honorer sender tau gaji guru tetap yang gimana sekolah kalau guru honorer mah tetap segitu
reeeiiinaaaaa,gaji guru honorer daerah 1 juta bulan padahal abdi puluh 
nutrisaripandan,semua guru asn semua guru gaji pokok layak dapat tunjang banyak guru gaji bawah 500 ribu bulan sebut guru honorer
fitafibriani,gaji guru honorer tidak berapa sender banyak nyambi buka les rumah anak les rumah lihat jajan jual ponakan anak bu guru halaman jajan deh mother beli tupperware sama bu guru
a_wintersoltice,punya rumah mobil banyak nyicil hasil hutang jamin sk pns bank guru sejahtera kalau pns sertifikasi ada gaji pokok tunjang berapa status pns sertifikasi banding punya status pegawai biasa bahkan honorer
hanandaurf,sk asn di lapang banyak guru bukan asn alias honorer dapet gaji 1 juta bulan uyuh malah lebih banyak di bawah apa tunjang tertawa
sedangmumet_,fakta banyak banget guru masih honorer sudah sepuh tetap dapet gaji bawah umr padahal guru jadi salah kerja sangat puji coba ada guru apa dunia tapi malah pandang rendah
ANorman149750,memang rendah dulu sempat honorer ajar bahasa inggris smp 2012 jam 8 ribu alhamdulillah bulan 200 ribu lebih banyak gaji saya dari ajar primagama bulan 18 2 juta sering gantiin guru hadir
bukan4non,sd-sma gratis kasih guru honorer kualitas rendah mau pinter mana murid jokowi lantik dpr selalu tuju anggar didik 20 malah mau ngabisin apbn gaji menteri deret staf khusus guna rakyat oke gas oke gas
shandrav_,sender asn mobil innova reborn anak kuliah top ten doi bapak juragan tebu terus terus terus tidak gitu punya sawah puluh tempat orang mandang gaji guru rendah aku guru honorer seko kabupaten gaji 200 ribu
cosmichailey,punya sepupu guru sd cerita dulu gaji cuma 200 300 ribu bulan dia cuma honorer alhamdulillah sekarang dapet gaji 800 ribu bulan mungkin sepupu sudah lama ngajarnya sd
Andinaja8,sender nyobain ngelamar guru coba guru paud dulu buar tau gaji honorer berapa sekolah swasta lebih banyak honorer
sibuzyii,guru honorer aku tau gaji pokok bawah umr padahal guru sma negri jakarta
6uckerforpain,emang iya apa guru honorer kaya mama tuh gaji berapa juga bantu gaji sertifikasi
Jungwoo16794723,memang banyak gaji rendah sender guru honorer guru status asn p3k mah beda tetap gaji guru indonesia rendah
cinnamuorolls,memang gaji rendah kocak apa guru honorer guru punya rumah punya mobil tau apa banyak kredit gadai sk gaji asli guru hidup hari saja empot empot
boombolonee,gaji guru honorer 700 800 bulan sekarang dulu paling tinggi 300 itu bayar dana bos cair arti dapet gaji 6 bulan kalau kalkulasi lama 6 bulan cuma dapet 4 5 juta bukan rendah tapi rendah banget
weonjonwooo,memang iya fakta gaji guru kecil lihat teman yang honorer tuh kata cukup loh dan memang yang ngajar 2 3 sekolah sih cuma tetap diitung jam tapi tetap kecil sih
RakaiXavier,memang rendah sender mamah guru bisa punya rumah sama mobil karena punya suami ayah gaji lumayan tanah waris tinggal bangun rumah sekarang mamah kepala sekolah suka kasi ama guru utama honorer gaji 800 bayar 3 bulan sekali
nurika169,siapa sender ayo ngobrol deh sekali kasih lihat slip gaji guru honorer
siomayjoget,memang fakta anjir punya tua jaman guru honorer sampe angkat pns asn di umur 50 enggak mending diem pernah ngerasain gaji bulan 300 ribu kan tidak pernah lihat tua lantang luntung nyari kerja sampe gerd kan
fusahima,memang iya semua jadi guru dapet gaji minimal umrtunjangan apa honorer bahkan guru honorer yang cuma 150 ribu bulan itu guru yang tajir tuh biasa punya usaha jual contoh buka les
lilylylilac,usah denial memang gaji guru rendah apa honorer keluarga isi mayoritas guru bukan pns kerja sekolah swasta bagus jangan harap tahan hidup coba cek punya mobil kerja samping apa inti jangan denial mikir guru sejahtera
ladyschon,gaji guru honorer kan emang kecil dah kecil sering telat kalau pns mah beda
wtermelonsgar_,fakta memang gaji guru tuh rendah kan semua guru rejeki asn pernah ngobrol sama guru honorer sudah ngabdi 15 gaji cuma 1 5 juta padahal umr kota ku 2 juta
Hamdiirawan17,kira semua gaji guru gede bos honorer tuh contoh ponakan jadi guru honorer gaji 600 ribu bulan apa huh beli bbm bayar listrik air makan duit 600 ribu kira gede huh otak ku kalau asn kaya pns iya honorer sapa sender pinter
aruoian,memang fakta sender mama guru honorer gaji bulan paling banyak 1 juta
afinyulia,memang nyata gaji guru honorer kecil dari umr kalaupun guru tetap satu sekolah swasta apa biasa hitung sendiri yang sudah asn memang gaji lumayan kerja tidak mudah bayang
irkhamdwi10,rendah gaji guru honorer guru sudah angkat asn mah banyak bulan lah 5 juta masuk lagi tunjang itu
MKyoStarlight,itu guru honorer memang guru iya sudah status asn gaji tunjang dapet honorer gimana puluh jadi honorer masih dan gaji masih ada rapel jelas nominal bawah umr bahkan plis sender jangan tutup mata
Berryruby5,sekali turun langsung dah lokasi jangan sapa doang baca artikel demo honorer buka formasi p3k berapa ribu jumlah honorer kira asn gampang guru honorer 15 di gaji layak begini gampang kamu bilang cuma stigma bikin emosi kamu
JKT48asa,bukan emang iya dulu janjiin naik gaji guru honorer mana tuh laksana liat
thilunatic,kan memang fakta apa honorer aduh padahal kemarin sempat biar didik gaji guru lebih perhati eh malah pilih yang lain
honeyijams,karena emang fakta apa guru tempat daerah 3t lagi guru honorer bisa gaji cuma 300 ribu doang
urbbyruto,kan memang fakta rendah apa guru honorer jaman majapahit tidak ubah salahin perintah jangan nyalahin yang mandang rendah gaji guru
mensobarna,fakta sender mandang gaji guru rendah fakta apa honorer kadang tuh gaji dibayarin 3 bulan sekali
zxfffrr,banding berapa berapa nih guru asn sama guru masih honorer nyata luar apa di pelosok guru masih underpaid banget gaji bawah juta tunjang bahkan gaji 13 semua guru sejahtera
kopigulaarenx,layak tau gaji itu rendah padahal orang sangat butuh nyokap guru swasta alhamdulillah gaji masuk juta jauh bawah umr kota apa lihat tweet guru bayar 500 ribu bahkan layak 200 an utama honorer
IamHelen22,sekarang cuma guru pelosok sama honorer gaji kecil justru biasa mereka lebih tulus effortnya lebih murid banyak guru sekarang cukup sejahtera mostly dmi gaji lebih fokus sertifikasi itu seminar ono ngajar ala kadar yang penting target aja
biazn_,sudah asn usaha bagai tunjang golong fakta guru swasta guru honorer gaji alakadarnya tau karenya nyokap punya banyak kenal guru masih honorer guru swasta bahkan gaji bulan ada 300 ribu
thesassyo,iya fakta nder lebih sakit anak guru susah beasiswa kira tua gaji perintah banyak asli cuma dikit apa yang honorer
agata_sefila,guru swasta gaji kecil sender emang si kecil honorer guru bener kerja serius gaji main
hcahnry,guru tidak cuma asn doang asn p3k kki honorer sekarang tidak lagi daftar asn sudah banyak banget cuma p3k kki honorer jelas beda sama asn gaji tunjang
GYULAXY0_0,hidup bagi dunia mana nderemang fakta kaya gitu luar masih banyak guru honorer gaji kecil guru di pelosok lebih banyak perlu harus hadap kamu liat cuman yang untung naik pns
ssoxhe,memang fakta gitu sender apa honorer dapet gaji lumayan sudah asn pppk itu susah jalan panjang asn guru gaji berapa banding bidang
temennyaocil,bener sih sender ibu dulu honorer juta gaji beliau beli butuh sekunder waktu dapet tunjang sekarang kayak lagi tunjang guru honorer cuma gaji pokok apa tunjang tetap ada tapi tidak semua
SalmaAinunfitr1,emang bener gaji guru rendah guru honorer kalau asn memang banyak kamu rumah mobil
riiiy_a,banding negara gaji guru indonesia memang rendah apa yang honorer apa yang honorer tk sd
AsmoroM22,keponakan ku guru honorer gaji 500 ribu bulan bensin motor hari 2 liter pp 24 ribu tiap bulan sumbang negara 220 ribu
arsadanim,gaji guru honorer woi asn mah beda
jen23_luv,sender mungkin asn guru punya mobil rumah kamu tau hidup asli gimana saja rumah mobil dari nabung hasil luar gaji tunjang asn lagi yang nama guru honorer yang gaji gantung mood kepala sosial
rantsaboutchu,karena sekitar memang beneran banyak guru guru gaji bulan ratus ribu itu kadang gaji tepat waktu guru honorer tuh banget sejahtera harus enggak gaji deh manusia ekonomi ini
rantsaboutchu,karena memang fakta coba jadi guru honorer dah berapa tuh gaji kamu lihat punya rumah mobil tuh cuma bagi kecil doang fakta banyak gaji guru memang underpaid
kalengkong_guan,tuju banget bagai guru honorer muda betul sulit guru guru honorer harus juang nafkah keluarga gaji bulan capai 1 juta apa guru honorer laki sudah keluarga bahkan gaji terkadang telat bayar 1 lain
Chochosuuu,inget itu gaji guru umr tuh asn ada gaji 13 sama sertifikasi guru honorer sekarang tuh banyak gaji kecil lagi gaji rapel di bayar 3 bulan sekali minimal alas nunggu dana bos
Joonbooster,banding guru asn sama honorer jauh banget jumlah sender memang nerima fakta gaji guru honorer tuh worth dan banding sama biaya kuliah didik
beartaeby_,bukan ngerendahin memang gaji guru tuh kecil apa kalau guru sd sama tk tk dekat rumah guru gaji 50 ribu kalau asn kalau honorer kecil banget tembus guru sekolah swasta bagus gaji bisa gede
thvblast,semua guru asn sender guru honorer gaji bawah umr bahkan banyak dar cukup cukupin penuh butuh jadi asn dapet tunjang gaji layak juga tidak gampang itu banyak proses harus jalan dulu sender
NanonnnD,nder lebih banyak guru gaji honorer gaji beneran bawah cari guru gaji cuma 2 ratus ribu kadang bayar pas uang bos cair cair 3 6 bulan sekali kerja harus semua tanggung didik anak bangsa
yacultsesat,jangan tutup mata masih guru underpaid teman guru honorer 2 gaji underpaid kadang gaji rapel sampe bulan memang kamu kata makan rapel
itslalabell,gaji guru honorer memang sedikit banget anjir fakta lapang kakak honorer paling bulan cuma 400-500
AKN_46,awal begitu perlu hari bulan bayar bisa cicil kaya gaji guru honorer guru yayasan yah
cakraiki,gaji guru memang rendah baik asn masih honorer apa kalau jogja golong 4 sudah syukur banget terus punya mobil tuh banyak dari pinjem uang entah pinjol or pinjem bank
pink_to4,fakta emang gitu apa guru honorer underpaid sender mau sudah pns benar gaji harus gede karena itu kerja tidak gampang asal tau kamu lihat guru punya mobil mereka hasil ngandelin gaji guru tidak
haebaragiu,banyak gaji guru memang segitu mau asn tidak gampang lulus kuliah mesti ambil ppg dulu honorer dulu ikut p3k tidak jamin terima mau gede mah ngajar sekolah swasta international sekolah punya sendiri spd ogah guru
zevratycos,mau jadi guru honorer kan enak orang suruh kerja gaji minim retorika gaji naik mau nunggu kapan
litcookiedough,gitu dah banyak duit bulan mahasiswa banding gaji guru honorer pada nyata guru memang underpaid di negara cinta kalau guru nuntut gaji layak masyarakat bilang gin pahlawan tanda jasa mau gaji gede
keyznlh,nyata memang iya gaji guru indonesia bilang rendah apa guru honorer sayang padahal guru orang banyak jasa nya bangsa perintah lebih sejahtera guru guru
veautifull__,memang fakta sender lebih banyak guru gaji bilang layak dulu perintah janjiin bakal naik gaji guru honorer mana
ddiminssi,karena gaji guru honorer banyak di bawah umr sender bahkan kadang potong misal ngajar mapel linear sama kuliah misal jam ajar minggu tidak cukup lagi tingkat gaji honorer provinsi sama kab kota tuh beda
kamakiho,kuliah guru mahal gaji honorer jam sedikit tugas administrasi terlalu banyak pns alur sulit sertifikasi prajabatan harus kulih dengan biaya hidup sedikit pas prajabatan guru ppl sekolah tidak gaji pppk tidak dapat pensiun
dnxkalzxl,realitanya memang sekarang guru asn lingkung bisa hitung pake jari  honorer teman saja 4 bulan gaji turun
hirahoon,gambar hidup cuma dalem bubble padahal guru asn berapa si jumlah banding sama honorer gaji 800 bulan paling kota gede banyak yang 500 ih itu 3 bulan
17shingibanggi,didik indonesia lebih rata moga kemendikbud sering ngubah kurikulum malah bingung siswa guru moga guru khusus guru honorer lebih harga aspek apa masuk aspek gaji karna ada hidup didik
urmatchatalk,sehat guru honorer beban banyak gaji underpaid
Over_Think_85,gaji guru asn tunjang sertifikasi sangat hasil kurang mungkin yang status honorer status honorer memang polemik sudah larang sejak lama perintah pusat diada-adakan perintah daerah
ChewbaccaSmom,pija hat rugi mencak mencak kartap ganti outsourcing gaji guru honorer masuk akal dam banyak diem emang enak banget makan duit haram hasil ngebajer wih mantap jangan lupa abis pura pura tobat
wahyudithog,percaya kampung guru jadi kerja idam masih banyak honorer gaji tak berapa
sextratime,lihat komen ig guru honorer ngeluh gaji cuma 700 ribu yang reply pokok nyesuain gaya hidup kamu
zevratycos,memang niat guru honorer ngabdi ngapain ribut masalah gaji tidak kuat ngapain maksa
Pret2310,teman academic manager satu guru sekolah international solo workload gede worth dengan gaji enjoy tuh teman staf honorer sd negeri gaji kecil nyantai workload juga upil
Mambinie12,bener gaji bawah 500 pikir mana bakal susah tahan 1 bulan miris banget gaji guru honorer banding usaha tiap hari semangat semua guru moga semua selalu beri berkah mudah
royalsq3kpau,kayak negara bangkrut ngasih gaji umr guru honorer medit banget dah
yogaaryow,tuju duit tidak yang mau kelola apa gaji guru p3k 3 juta jateng pns gantung golong kelas kepala sekolah mentok 5 juta apa guru bawah apa honorer
achaziraa,tidak usah ngomong gaji 20 juta dulu deh jauh perintah sampe sekarang ngebiarin sekolah sekolah kurang guru sampe kerja guru honorer gaji jauh kata manusiawi
Tribun_Ternate,kadikbud malu utara janji tetap juang gaji guru honorer belum bayar
dariguruhonorer,ngapain maksa buzzer si gaji segitu mending gojek lebih banyak dapetnya masih banyak kerja yang lebih hasil mau bilang buzzer mau bilang beneran
Tribun_Ternate,kadikbud malu utara janji tetap juang gaji guru honorer belum bayar
supersabroman10,tau banyak guru honorer karna angkat guru tetap karna sekolah mampu bayar gaji tapi sekolah butuh tenaga sedang negara ngangkat jadi guru pns tidak harus negara laku guru sampai paham
Pret2310,simpel boruto banyak guru honorer terima faktor dalam karena guru banyak tidak bagi ngajar ada cuma staf pustaka duduk doang kerja ngarep gaji tinggi
zevratycos,ngapain maksa guru honorer si gaji segitu mending gojek lebih banyak dapetnya masih banyak kerja yang lebih hasil mau bilang guru mau bilang pinter
Lidyamuu,turut hapus profesi guru honorer jenis profesi guru honorer sama sekali manusiawi segi gaji bikin atur minimal gaji guru umk deh syarat rekrutmen perlu perhati jangan baru lulus sma suruh ngajar
aziima27,guru honorer gaji 300 ribu 3 bulan ngajar ahli finansial mana bisa ngatur
Raden__Ontoseno,betul sumpah gaji guru honorer sekolah tuh serendah asli makan harus naik gaji guru sendiri hanya didik itu dulu
_sleepwalk1ng_,tau kan dulu masalah guru gaji kecil apa yang honorer masak gin harus kasih tau mau edukasi literasi uang kayak apa kalau gaji kecil tidak mempan tetap kurang emosi jadi
gabus_boy,bom lantik ukt tinggi rerata anak pegawai guru dulu masalah tetap sama rerata korban ukt tinggi anak guru entah honorer pns kampus mandang guru gaji gede padahal nyata bawah 3 juta sudah lama banget belum jaman jokowi
gabus_boy,tulis salah nyindir jabat jangan tulis miskin larang sarjana banyak ke trigger tulis jangan guru ukt mahal memang anak guru ukt ugal an gaji guru under 3 juta honorer ukt anak kena imbas 3 juta-
putralamaholot,uu desa baru sebut selain gaji kepala desa uang pensiun hingga bpjs ini gambar betapa bodoh wakil rakyat di dpr mreka buat uu mengakomodir penting politik guru honorer tenaga sehat vital acuh
dariguruhonorer,gaji 450 ribu solusi literasi uang
shylvermist,investasi didik bangun fasilitas rata adil seluruh wilayah indonesia tingkat sejahtera hidup guru sekarang miris sekali lihat gaji guru honorer amat kecil padahal peran besar maju bangsa indonesia
dokumenapaaja,terus makan batu hahaha gaji honorer guru sempat dengar langsung orang cuma 350000 maksimal 900000 bulan cobain dah situ hidup 900000 bulan istri 1 anak
bimasoy,tau gaji guru honorer masih muda cara pikir kaya cetak 70an
bebas_l,maaf 42 semua guru masuk honorer hanya asn akar masalah honorer gaji kecil jam ajar biasa rata 25 ribu asn biasa status sosial gaji habis potong gadai sk pnsnya
shiningtosca,kurikulum ada sekarang diterapin benar tuh hasil bagus cuma jadi bagus soal bare minimum penuh fasilitas gaji guru honorer timpang jumlah siswa guru
adeaahmad_a,solusi gaji guru honorer nyari samping kayak lebih tepat guru yang jadi kerja samping
knpharuspeduli,gaji orang guru honorer kota kisar rupiah 1500000 - rupiah 2000000 di kota kecil hanya banyak rupiah 300000 - rupiah 1000000 lagi guru beban urus administrasi banyak lain apresiasi gaji orang guru tidak padan
yogsgakuy,tau gaji guru honorer bang kali nganggap gaki guru honorer tara umr cikarang wajar opini kaya gin sudah tau opini tetap kaya gin sih kek jual malam
Teguh606Tk,moment didik capai an apa tri guru honorer banyak gaji bawah umr tak sangkal ada indeks pinjam pinjol 45 nya guru apa miris susah lelah didik berfikir samping
Tribun_Ternate,sekprov malu utara pasti tunggak gaji guru honorer bayar
bujang_lapuk10,salah instrumen dana bos buat gaji guru honorer mau sunat
tribungaruda12,guru honorer gaji 300 ribu ada laku aksi sampah begini
IsM31577000,sedang pikir bijak naikin gaji guru honorer perata umr jam kerja pegawai swasta
KucingMermud,teriak gaji emaknya cuma 3juta ratus sekian mantan honorer kalian akan tau strugglenya guru honorer orang tua kalian guru honorer mamak besar 2 anak status baru angkat pppk sudah capai banget
sijuarakelas_,rata wasit tarkam iku guru honorer jas ambil sertifikat lisensi wasit lumayan gawe samping jadi hasil wasit lewih gede timbang gaji guru
akurajinnapas,kau tau gaji guru honorer kan lebih baik diam
tofanprasetia,gaji guru honorer manusiawi tuju indonesia cemas 2045
anakmamamaniez,nadiem tidak gaji honorer guru swasta sama kaya umr jakarta
anakmamamaniez,yang salah guru honorer sekolah swasta gaji 1 2 hari kurang semua nya sudah serba naik
Jolipool1,tuh gaji pegawai pajak gila njomplang banget sama gaji pns apa yang guru apa kalau guru honorer viralin dong
fahirawin,kira nanyain gaji guru honorer
D12khard,1 apa kabar kurikulum merdeka 2 apa kabar gaji guru honorer 3 apa kabar ganti seragam 4 apa kabar naik ukt unsoed selamat datang lanjut selamat datang peras
Guruhonorers,gaji asn 2 3 juta ukt 20 30 juta gimana mau kuliahin anak apa yang cuma guru
janghannaaa,sejak anak sekolah sama kepala dusun disaranin anakaku dimasukin dtks kata bisa dapet pkh kip beliau ngeliat yang cuma guru honorer gaji 500 ribu sama suami kerja pabrik air kondisi begini aku tidak mau ambil takut makan hak
namintan,yang mampu beli yang bidikmisi kipk guru honorer gaji 300 ribu bulan recommended
FHISIP172393,info guru honorer gaji jauuuuh bawah umk kasihan guru honorer paksa pilih 02 gaji kecil ancam tipu
Suryo52573671,nyemoni awak dewe wis rodo bileng mumet sirah apa faktor usia tambah rada memble statementnya bakal hadap bagai soal negara depan ndak makan siang gratis gaji guru honorer naik
zanatul_91,unesco data mana yah gaji guru indonesia rata 8-9 juta bulan jobstreet 2023 tulis rata gaji guru indonesia 2 4 juta guru honorer masuk hitung kalaupun iya 8-9 juta tetap lebih rendah guru kamerun kenya senegal
seokhasbeenhere,honorer kak memang gitu hitung gaji honorer anggar bos misal 20 guru honor 20 bagi makin banyak honorer makin sedikit per orang
candide09,beberapa daerah sekolah gratis sayang program sekolah gratis program populis kepala daerah paham dunia didik dengan anggar sangat mepet salah dampak besar gaji guru utama guru honorer tidak manusiawi
NandaazNafa,nilai gaji guru cuman mulut tetangga coba langsung yang guru apa guru honorer biar tau
PostTweet12,ganti guru sakit 20 bulan gaji waktu ku minta kata si guru sebut tidak mau bayar ponakan guru sebut bilang gaji nya potong 15 juta tiap bulan nya guru honorer ganti sdg tidak pernah terima uang nya
dariguruhonorer,gaji guru dosen kan dah banyak banget usah cari masalah sama menteri apa keluarga
emeronLovelyUV,jere misan ku gaji guru honorer 1 bulan harga 3 bolu tart jadul meanwhile bikin tart jadul 2 jam an kelar
sasiramadhan_,besok tanggal 2 kayak terima gaji perlu foto untuk bukti nek gaji guru honorer horor
cryslutt666,guru honorer gaji honorer berapa geng tau sendiri kan losdol bos aku harap kipk lolos sih ya gawe bos part time menuhin butuh sendiri dulu sih biar beban banget proud sama mom biayain aku lama
nblkimm,geden gaji art atas daripada gaji guru honorer
Guruhonorers,yah banyak mahasiswa nerima kip mobil alphard lexus pajero lain gaji ortunya memang sampe umr anak bilang usaha online ortunya tidak kedetect sama gaji samping ortunya cuma guru yang gaji 200 300 ribu
dariguruhonorer,bener bulek guru pkn cocok samean penak kerjo nek pabrik ding gaji umk
Bakdaimsak,nilai mana guru honorer gaji cuma 350 ribu bulan
toddysolo79,alhamdulillah kerja gaji gede tutup mata sejahtera guru memang apa sejahtera guru apa guru honorer
dariguruhonorer,sender ayo mutualan guru honorer mungkin cocok hidup sengsara gaji di rapel bulan
BlogBayuWin,alas hal bisa jadi 1 gaji guru cenderung kecil utama masih honorer apa guru bayar rapel borong tiga bulan cashflosw ancur siapa yang kasih pinjam pinjol bank mana mau guru honorer kasih pinjam
kentuuuth,mending naikin gaji guru guru apa guru honorer kata cuman gaji 300 ribu bulan gimana cara tahan hidup gaji kecil hebat sih yang tahan bahkan saat harga bahan pangan pasar pada naik
heyraaraa,gaji guru honorer gede kok
HendikC61588,itu kan jelas tsnya nulis perintah naikin gaji guru arti pns swasta wajib perintah yayasan honorer kan pegawai tetap kalau mau salahin salahin tsnya spesifik maksud
HendikC61588,kalau memang gitu tsnya suruh ngerevisi dia cuma bilang naikin gaji guru ya embel honorer
HendikC61588,memang pns memang tsnya bilang gaji honorer enggan kan tsnya bilang naikin gaji guru
HendikC61588,apa postinganya cuma guru honorer enggan kan guru gaji pokok tunjang 4 juta sd 5 juta tambah sertifikasi 1 terima bulan rata 8 juta ngelesi ceper buku lain
Sean_Alma,arti gaji guru honorer 05 digit
amang_utuh70,gaji guru indonesia gantung golong jabat apa sekolah bila sertifikasi lumayan atas 6 juta miris bila status guru honorer cuma kisar 250 ribu maksimal 500 ribu itu bayar rapel tiap bulan
sandicalla,cuma tulis guru ram kadang terang guru pns honorer turut benar besar persentase nya gaji guru tuh sedikit bahkan pns itu kadang banyak pikir kuliah aja pns nih paling mahal uktnya
wilkmixwell,ngajar sekolah swasta yang lokasi desa gaji guru honorer dapat pasu spp spp 70-90 ribu siswa tidak banyak uang kumpul bagi ngegaji guru 3 dapat tambah perintah sih tetap bawah 1 juta
meowmeow18_,nadiem makarim kemendikbud butuh gaji guru pns pak guru honorer butuh gaji 100-350 ribu cukup pak bu makan hari tolong beri gaji layak
dariguruhonorer,bayangin di reply sama guru honorer komen di bales suruh kasih masuk konkret gaji kecil miskin selubung palak pajak suruh mikir negara
wilkmixwell,gaji guru honorer sekolah swasta yayasan andal dapat spp siswa kalau spp sedikit gaji guru sedikit memang tambah donatur yayasan nunggu 3 baru intensif pemkab intensif tidak 1 juta
jyhooniee,tes cpns susah batas usia aduh susah ngomong sama model begini gws deh moga situ ngerasain guru honorer anak saja deh yang jadi guru honorer biar tau jadi guru honorer gaji berapa selalu nyinyir orang minim kaya
ifhuangrenjun,iya 300 ribu gaji ibu guru honorer sma lama 6 bulan
naonsiiie,guru honorer pov berapa gaji 500 tante ih kecil padahal lulus s1 suami ijazah smk tembak bisa masuk usaha gaji 3 juta an lebih sejak itu ada nanya gaji jawab cukup butuh hari
ViralHot5,ingat naik gaji guru honorer sesuai umk minimal 2 juta andai umk nya rendah tetap yang 2 juta bulan nya
Pasgor_16b,nyimpan video sih ingat banget bicara hasyim beliau suruh rekam selamat para guru asn guru ptt guru honorer naik gaji paling panjang sejarah
AriiWibowo18129,mungkin beberapa sekolah jumlah siswa banyak mencover gaji semua guru dengan layak apaka semua sekolah milik siswa banyak harap dapat perhati perintah dan ubah kami guru honorer
AriiWibowo18129,presiden wakil presiden baru koalisi indonesia maju harap bapak juga pikir maju para guru honorer yang juang cerdas anak bangsa sungguh tidak di kata dengan gaji ikhlas nya
ardxre,well yes gaji semua potong terus kasih guru honorer
EmakSoleha,guru baru tau apa mungkin guru honorer karena tau sendiri indonesia guru honorer gaji 3 bulan sekali tidak salah turunya
senjaakuntukamu,valid guru rupa pahlawan tanda jasa apa guru honorer kaya harga diri gaji tidak pakai logika gaji gede oknum jabat yang itu tuh
hujanyangturun_,gaji gede gimana rela coba gaji nya kaya guru honorer paling masalah malah bantu nyiram bensin
retnosetyow4t,padahal lulus gaji honorer guru nyampai umr
mrimazzz,bom dana bos tilep oknum makin dikit dah gaji guru honorer
aslich,gaji lc guru honorer negara apa gitu
ferryeren,naikin gaji guru honorer teriak
qentrunx,indonesia guru sd status honorer gaji umr
del_paijo,jelas gaji guru honorer prihatin
an_eclipsee,gaji guru honorer 130 jam 2600000
NW1b0,ukt 44 juta lulus guru sd honorer haji 150 ribu jadi pns gol gaji 2 5 juta negera makin ngaco
MoennybN,guru honorer gaji 300 sd 400 ribu bulan
SundaGenXY,pernah guru honorer kerja serius gaji main alhamdulillah kerja tempat layak moga lulus akmil akpol sekolah dinas yang gaji jamin layak mikirin nasib guru kalian ambisius kuasa bisnis
helmi_stbd,yogyakarta sekolah swasta jumlah murid dari imbas sekolah kurang pasu biaya operasional bayar gaji guru layak guru honorer sekolah bayar rupiah 20 ribu satu jam ajar bila akumulasi gaji orang
menuksutrisno,allah lindung guru yang kena jerat pinjol gaji guru honorer bisa hidup layak aamiin mujibasailiin
akugaktuch,mana gede aku guru honorer ada gaji umr umr jogja kaget apa
riyanarthur,jelas lebih dari gaji guru honorer
Survive3Zombie,berita kata memang guru paling banyak libat pinjol guru honorer tau aja gaji guru honorer berapa asli sedih guru ingin lanjut didik salah syarat naik pangkat guru tetap jadi pinjol guna biaya didik
NADASM__,gaji guru honorer 1 jam 20 ribu tugas cerdas anak bangsa
kucilpung,perangah lihat gaji guru honorer yang 250 ribu bulan allah rabbi
51KDJ49YJH,sesuai banget sama gaji guru apa honorer tertawa
wafaplayground,bukan passion emang ngincer materi jangan ambil hitung 44 juta 8 352 juta gaji guru honorer sd swasta 1 5 juta biasa kota 352 15 234 bulan baru balik modal ukt doang kurleb 19 kayak nyicil kpr bom ngitung uang makan kos dana
khaaliidaa,lebih banyak gaji guru honorer bulan
terpanggil313,bisa argumen mental mentok karyawan otak cuma gaji gaji kurang untung gaji dokter guru honorer ketawa
OnlyFish69,guru honorer gaji 300 ribu rapel 3 bulan
rehan_bengsin,eh kata sbm ulang deh ukt segitu mending dokter swasta gaji guru sd kamu tau kan berapa apa honorer allah jangan mau pls
arkjalu,44 juta 8 semester tertawa lulus guru honorer gaji under 500 ribu aduh perih
lightbeautiful1,coba gaji guru honorer
rifqie_sch,ironi memang aku guru sd swasta desa pinggir gaji sekitar 500 bulan lihat lingkung sekitar honorer sdn lebih mending masalah banding umr rata kerja 8 jam hari jomplang
archvaaw,guru honorer 1 jam 8000 tertawa gede gaji lc
TheDarkHalcyon,gaji guru honorer tiap bulan bisa cuma 1 8 nya dah
tgyuubearr,lumayan 500 ribu minggu lebih sedih nya guru honorer sama tendik honorer mama guru honor gaji pokok cuma 200 ribu bulan staf 500 ribu bulan mah 1 minggu 500 ribu kali bulan 2 juta ya mumet ngurus 3 anak 1 2 mah mending
lasio88,heran sama guru honorer janji apa rela sampai tetap tahan gaji segitu terus gimana ngatur uang
sopesnoona,kak ampun kaya gin emang mending art gaji 2 4 juta bulan yah apa rumah gedong ngadem ac berangkat kerja pake seragam honorer biar kira kerja guru benar ngasuh anak
yumyluvv,dulu pas tau gaji guru honorer ngiranya gaji bisa sampe juta lebih tau
PanggilAyAja,bener bahkan lebih banyak untung jual pulsa bulan gaji guru honorer
getlouud,itu pasang capres cawapres pilih kan begini sampe pas tau gaji guru honorer rendah kaget
sosakanasimiwo,tidak perlu makan kan guru ngapain suruh ikhlas makan gaji apa apa yang honorer bulan 400 ribu bisa hidup
wapriliak,iya gila lebih gila gaji guru honorer
upilkelabu,on the other hand suka ndredeg lihat rate tertawa apa kalau inget gaji guru honorer satu ngajar ada tanggung dapetnya 1 kerja honorer bandingin cuma kaya adil hidup
xlvhlxv,aneh program makan siang sampai pakai dana bos terlalu banget gaji guru honorer berapa lagi makan siang
ravitaravita1,gaji guru honorer 500 ribu bulan ngurusin 28 anak 6 24 minggu
menbalbalan,miris indonesia gaji art lebih tinggi gaji guru honorer
andit002,ya indonesia dulu nyerah negara inggris belanda gitu ujung cuma jadi buruh ini indonesia yang megang belanda minimal gaji buruh rendah 2 digit ni tidak itu gaji nila guru honorer
reygultom82,bayang gaji guru honorer indonesiaberapa kali lipat 88 juta
LofiChetools,kenyataanya 22 lulus kuliah guru honorer gaji 2 juta 24 mulai berfikir gaji gin nikah cukup tidak 26 galau lanjut honoren resign 30 nekat nikah sama guru honorer 32 angkat ans 35 hutang 160 juta bank bangun rumah
bibitmecin,loh kaget lihat gaji guru honorer cuma anak guru 30 anak
Raizel_820,kalian pikir gila yang lebih gila gaji guru honorer 300 ribu bulan begitu moga guru lebih sejahtera depan
thef4cked,pikir profesi guru remeh banget pns guru golong nya juga pppk gaji guru kecil apa guru honorer biar apa ada golong terus gaji guru honorer kecil gitu kira guru honorer ngajar materi beda
kantidewirizq,pak oknum kepala sekolah motongin gaji guru honorer tindak kasih sanksi pindahin kaya henti kaya jangan panggil doang sama dinas tidak sanksi ku spill kepala sosial sd mana
Jenayass,apa sih ni suka banget ngabisin anggar gaji guru honorer ratus ribu bilangin anak buah
lawu_mountain,ppg bro guru lewat ppg jadi honorer gaji kecil
Anang1945,guru honorer indonesia hadap dilema kompleks 1 gaji rendah abdi pasti guru honorer sering terima gaji jauh layak meski abdi lama bas mereka paksa cari kerja samping tahan hidup
manipulativeisy,tara sama gaji honorer dalam kalimantan loh gaji segitu diri guru honorer
Anang1945,alfatihah doa semua guru honorer indonesia 1 guru honorer sering terima gaji jauh layak meski abdi lama bas bahkan puluh 2 paksa cari kerja samping tahan hidup
k00k3,makan gratis pakai dana bos gaji guru honorer makin
Kalibrasi100,wahai hakim mk tugas kalian mk dapat gaji bulan malu kalian guru honorer tugas kalian untuk dapat kaya jangan para koruptor jadi kalian wakil tuhan tegak adil
delightblueday,guru honorer gaji 1 juta bulan tanggung 5 1 kuliah 1 sekolah 1 balita 1 irt yang kerja cuma 1 listrik air kurleb 170 ribu wifi 348 ribu beras 10 kilo 170 ribu lebih sisa beli sayur lauk butuh hari diri sendiri ada
Insaninashiroh,guru honorer sudah abdi bas bahkan puluh beneran abdi gaji ada perlu sih angkat langsung ini kadang ken aku negara asn pun mungkin tinggal tahun pensiun
sarimsr_24,guru honorer sedih fakta memang iya gaji berapa kita guru honorer harus sabar ikhlas fakta orang lulus didik mau jadi guru tidak lulus didik pantas etik
Hadib1s4,ngeri saat gaji guru honorer bom prioritas
BambangSaragih3,padahal honorer guru negeri masuk pakai ordal eh gilir gaji kecil sok sok rasa sakit
yogazzzt,punya kawan pns amburadul penuh utang itu kawan guru honorer guru dedikasi tinggi gaji paling 600 ribu luar biasa sambi jual online juga jangan kalian pikir guru sekarang jelek
SukaSkinker,aku nanya kalian wanita kerja kantor gaji lumayan mau pacar guru honorer rujak padahal kan mau denger dapat realistis
absvrditas,ide siapa sih bikin masjid anggar gede siga kieu urgensi naon coba lebih urgen gaji guru honorer daerah nyaho teu nyaho mereuun madjid alun kurang badag ngepenting keun ego sih tadina meh dia ieu mesjid jieunan abi
ajieenya3,mah jawab nya ibu babeh dua nya guru honorer gaji pokok nya di bawah umr bisa nyimpen 8 juta semester ukt
ForgasSabo99,tertawa cara naik gaji jabat hahahahah apakabar gaji guru honorer tertawa
SuramaduJingga,jelang milu 2029 gaji naik guru honorer angkat 1 juta tahun
BukanMawar12,btw tau kalau kerja awat rata 700 ribu bulan sama kaya tukang tunggu fotocopyan gaji guru honorer 250 400 ribu bulan tertawa lebih ngenes apa salah kira kira negri wakanda
andy28694567,guru honorer kaya gaji 600-800 hak beri mahkota tertawa
maheswariPA_,iya kakak jangan gitu teman sama honorer gaji guru nya hari libur bayar kemarin di potong libur raya lain pokok cuma terima 500 ribu anak nya 5 tetap alhamdulillah lebaran cukup
asweetnight,gaji guru honorer 500 ribu bulan hadap keluar 38 juta bulan
ArekNdeso79,rokok 48 ribu bungkus hari bulan hampir 15 juta ngerokok tak kenal cuti sama tanggal merah ngalah ngalahi gaji guru honorer hanya 300 ribu 1 okok hidup 5 guru honorer hebat kan okok
dayetdimulai,kakak gaji full kayak maaf honorer guru 24 juta lumayan loh jogja tempat banyak dinas luar kalau bulan 2 berangkat bisa dapet tambah 2 lipat gaji kalau dulu suka ikut jarang banget ikut kerja cuman mau uang kerja mau
favserotonin,menteri utang akan buat bijak segala tunggak gaji guru honorer asn bumn wartawan media nasional media lunas juga pasti akan orang yang speakup soal gaji korupsi sila jangan gaji
bedakbayiiik,btw gaji suami guru honorer cuma 11 ada anak 1 bom beli susu diaper jajan anak belum nafas untuk tabung rekreasi tua mau mau ikut kerja gaji di bawah umr karena kerja susah banget cari atas umr
harrysofian,hitung matematika ekonomi indonesia masuk gaji guru honorer keluarga bawah umr anggap layak hidup bulan jabat gaji standar indonesia punya lhkpn gendut2 mau lulus s5 tidak akan bisa hitung nilai wajar
rubihmsyh,lebih kecil gaji guru honorer
Ahm_Muslim,guru honorer gaji 600 ribu bulan bayar 3 bulan sekali nasib hidup abdi mungkin anggap hidup makan batu kerikil
denliciousz,memang ui pelit nurunin ukt nya dulu kuliah bidikmksi paksa ngaret covid dikenain ukt maksimal 7 5 juta padahal kumpul berkas bopb lengkap saat ibu single parent guru honorer gaji cuma 1 5 juta tanggung 2 anak
andy28694567,tahu guru honorer gaji under 800 ribu gemeter lihat tweet
virgology_,yah begini nasib guru honorer gaji bulan bagi dikembaliin sekolah sekarang gaji pemda potong disdik camat
Yusuf51069839,potret guru sd indonesia cc guru honorer tanggung gaji kecil nekat ngaku-ngaku dosen calon mertua untung terima tetap ngenes gaji ngajar tak buat bekal rumah tangga
jinmatcha52,moga gaji awat guru honorer tingkat mereka sangat jasa
manabay_,dalam tahun kerja narik gerobak sampah gaji lebih gede gaji honorer guru
mojokdotco,guru honorer tanggung gaji kecil nekat ngaku-ngaku dosen calon mertua untung terima tetap ngenes gaji ngajar tak buat bekal rumah tangga
vsoyenaktauuu,keluarga doa moga terima dah minimal tidak honorer karena miris banget denger gaji honorer guru tuh kakak pun bilang p3k sekarang pada enak tinggal nunggu panggil beda sama dulu
h0xlywins,guru honorer gaji berapa entah nyaman banget kerja ku tawar kerja itu tidak minat kecuali kerja menit 5m sih tidak apa tertawa
Slowaja3,dengar baik video guru honorer gaji 200 ribu sini paham
crmbrle,alesannya 1 tes masuk guru baru masuk honorer susah bahkan kadang goib recruitmentnya 2 masalah gaji topik paling rame dibicarain kalang guru honorer 3 beban administratif meski semua guru sama kadang yang rela dapat jobdesk lebih biar panjang kontrak
inspirasion_,siapa bilang gaji guru pns dikit honorer iya malah lebih sejahtera guru asn kantor coba cek deh gaji tunjang
Pr1au0J4n9a,kampus ajar potong apa gaji guru honorer
Relizaa,dengan gaji guru honorer kelah sama exo ber ecer
BroAntony206,gaji guru 200 ribu bulan gaji guru honorer sesuai jam ajar ajar bulan
Lifetuneup,gaji guru honorer 3 bulan nih kakak
agungtrainer,benar jika guru honorer swasta ajak juang dapat hak demo naik gaji takut bahkan dibully guru juga
ssieun3004,padahal rumah itu bukan cuma rebah hari nyuci baju-nyetrika nyuci piring beberes rumah rumah bikin konten kerja juga itu biar gaji kaya guru honorer ini indonesia teman tidak pake seragam tidak kerja nama
daisyluev,bakal kejang kejang kali tau gaji guru honorer 500 ribu bulan ni napak tanah banget liat arogansi sama sekali tidak pernah ngobrol sama kang cilok kang siomay
hafidzar_,satu ken naikin gaji jabat satu naikin biaya haji terus ada rencana naikin gaji guru honorer umr pabrik gitu
koganenohikari,sisi pns guru nakes honorer gaji bulan kena potong pajak biaya sampe nakes bulan cuma terima 600 ribu mana pas demo mang bijak bareng langsung mecat tadi indonesia usah sok agam praktek gin marak
AbbeyNirmala,tiap daerah gaji guru honorer karna gaji guru honorer kan ambil dana bos sekarang perintah ngelarang rekrut guru honorer baru solusi sekarang guru ikut seleksi asn pppk gaji tara kaya pns
Nur60697237Siti,mirip gitu kerja dosen guru honorer beda raka pasti lulus s2 bahkan s3 juga tidak ada pasti karir apa gaji gede negeri memang abai ama tenaga ajar sehat duit lebih banyak hambur ranah politik
Dadan_WFauzie,di wakanda guru ribut terus urus status honorer gaji tidak dengar introspeksi soal kualitas intelektual guru rendah amoral tidak dedikasi bukan panggil jiwa tidak punya perilaku baik panutan henti jadi guru
OCHN,kata yang turun muara enim bukit asam gede gitu pltu tapi sering mati lampu mau apa aspek didik sodara guru honorer kota prabumulih hasil minyak gaji 300 ribu bulan pupuk sulit tani karet sawit mau contoh apa
Adriana21033305,lihat pak nadiem pilih program briliant seragam ganti daripada gaji guru honorer desain bagaimana me
y_moane,iya bang milih pimpin jujur kaya case gaji guru honorer kan dikit banget tetap potong kaya gin yang suka dzalim orang hidup bakal tenang
noir_ontwit,visi misi nya naikin gaji jabat guru honorer oke gas pk gas tuju indonesia emas
Reychan_A,tunggu janji prabowo gibran kata naik gaji guru apa gitu honorer gaji ada 1 juta
dariguruhonorer,sana guru honorer gaji bawah umk california
abdrianriz1992,inget kemarin diajuin nambah anggar belanja alutsista ada oknum guru cerewet twitter bilang apa kam perang lain mending duit gaji guru honorer lain sdm sendiri tidak sadar ancam
NurRizally,tidak mandatory spending jadi guru honorer paksa nerima gaji ada itu penting mandatory spending
Kays_2017,bukankah sama sejak awal kan tau gaji honorer rendah fakta bahwan guru seko penuh tetap banyak oknum datang kasih bisa honor tuju apa sih saya sih pasti tuju murni abdi panggil hati ya bu sekian sehat selalu
fathonahnazizah,kerdil kerja lain guru honorer gaji kecil kerjs sekolah samping ada yang guru les ngajar lebih 24 jam minggu asn ada tentu beban ngajar
DediTri37007688,tidak beli guru honorer gaji mana uang kan bayar gaji guru honorer
abyaby1256,1 triliun teman mending gaji guru honorer
sunflowerswill,aduh sistem didik masih acak kadut malah sibuk ganti seragam bapakk perata nya selesai kurikulum gaji guru honorer dulu
milonomnom,padahal tau gmna capek p3k asn tiap ketemu sma teman keluarga guru ngeluh sma bijak sekarang super duper mikir kalau honorer gaji 500 ribu cukup butuh hidup hari tidak oh mana tidak ngerasain tulang punggung sih
luvifah,mau ikhlas kaya hati bilang adil banget kerja guru honorer bahkan shadow teacher jatohnya gaji cuma 600 khibah cair 3 bulan sekali itu bagi 2 tertawa salah banget apa nagih sumpah aku yakin tidak bakal ngasih bahkan tengah
fathonahnazizah,nemu sih guru honorer kerja tau guru honorer negeri gaji cuma ada 2 pilih 1 sudah masuk dapodik daftar kemdikbud pake dana bos 2 belum masuk dapodik dana sekolah tidak dapodik sekolah jarang honorer beda swasta gaji gimana
_pRisiLLa,pandang enteng sekali eh mentang kerja dapa gaji kong cara mau nilai lain kaya apa sih cuma honorer guru penting kerja deng nda minta doi pa kita p tua f
fathulmunir50,serah guru honorer gimana naik gaji minimal umk tempat
Farida_Khairul,guru tk honorer kemaren ada thr alhamdulillah bingkis sembako uang 200 ribu anda dapat thr bulan gaji syukur
himalianana,asa anak pgsd baca menfess guru sd cari gaji gede penting ngajar ikhlas sepenuh hati lillahitaala lihat murid nya paham materi sudah neng banget kira smp sma ada guru honorer
croissanthemoem,muka camaba ajar snbt mahasiswa sem awal struggle mahasiswa sem tengah culture shock lebaran banyak dulu tugas mahasiswa sem akhir pusing ama ta mahasiswa profesi nakes gaji kecil guru honorer kerja under umr
NikRaVen56829,guru honorer layak terima zakat masuk golong miskin gaji 350k bulan bayar 3 bulan sekali
Zulkifly_Ramli,jakarta jakarta daerah contoh sulawesi selatan guru honorer gaji 300 ribu 3 bulan
worthforyouuu,serendah itu guru sd sender mau sd smp sma guru tetap guru sekolah negeri sekarang tidak terima honorer gaji asn guru sama mau sd smp sma
selma_xuxi,sekian debat gaji guru baru sekali nemu dapat snang mas generasi lihat pov tidak satu sisi fakta memang hal atas buat guru honorer gaji yang tidak manusiawi
Bangzuber,padahal prabowo janji naik gaji guru honorer baru lantik 6 bulan datang eh saja salahin seka gaji guru rendah karna prabowo ya pelihara
nuklirterbang,ajar gaji guru honorer tunggak kecil etc masih banyak faktor rasa itu harus prioritas utama izin
jenniekarinayu,kayak nyuruh guru pas abis wisuda karna lihat bibi jadi pns jakarta sedang aku di pandeglang 350 ribu itu gaji 3 bulan based story from my friend yang bagai guru honorer
jsnsvsusiksddbn,sungguh urgent sekali masalah seragam kurang urgent adalah lengkap sarana prasarana sekolah tambah gaji guru honorer layak baik sekolah yang bocor bahkan mau roboh
xrnsxx,guru honorer gaji 150ribu bulan banyak guru overworked ngerjain bos dapodik banyak kurikulum gajelas ada yang dipikirin cuma ganti seragam
Delisa_Lockey,buset dah gaji guru 6 juta tetangga yang guru gadai sk gadai setifikat tanah sekolahin anak kocak nih nyata banyak guru sejahtera gaji guru daerah kabupaten kampung bawah 6 juta honorer ajah 150 ribu bulan bayar 3 bulan
_davxon,alas mau guru tamat fkip gaji guru honorer 300 ribu bulan nyari seser nunggu guru senior gantiin ngajar suruh guru senior bikin silabus rpp ppt bahan ajar ini uang gede 1 juta deh kapok 8 yang akhir guru
varldsfreden,mbak sepatu chanel nya atas 25 juta an sederhana sekali nakes manggarai gaji 400 600 ribu bulan guru honorer di daerah 300 ribu-1 juta bulan harga sepatu tara gaji 2 mbak so sederhana banget
myamoreD,allah gaji bapa sbgai guru honorer kesel lihat dan milih tani karna lama biayain anak sekolah dari gaji guru dari hasil panen nyawah
PhiIIipee,biaya hidup gede bu compare dong gaji ump umk sesuai pangkat tunjang banyak abcd emaknya kawan guru damai hidup makmur nafkahin anak sama suami anggur mungkin harus dihighlight masih honorer dari
maulidalinda714,guru honorer sudah lama resign masih mikir-mikir butuh biaya sekarang jadi guru enak kerja berat gaji ikhlas bahkan teman guru bilang anak jangan jadi guru rencana resign adik lulus sekolah tempat
allaboutchiz,gaji guru honorer tingkatin dulu
viruus133,tertawa banding sekolah swasta negeri berapa banyak banding asn honorer berapa banyak guru jakarta luar jakarta berapa banyak guru cuma ketemu murid gaji kecil mana korupsi itu paling lagi banyak utang lampias murid
LexWu_13,wahai pentol korek maen u kurang cuma case putar jakarta doang u tau berapa guru papua terima gaji telat2 berapa honorer yang puluh jadi guru bom angkat daerah 6 juta berapa butuh pokok beban moril berapa gede jabat
arsadanim,guru honorer guru boleh gaji 300 ribu bulan
PadiSandal,dari ngurusin baju gaji guru honorer diperhatilan sistem didik masih semrawut
Al_Raeyn,gaji bagi nakes guru honorer cemas meanwhile gaji dewan banget gaji di rangin dikit nambahin gaji bagi tidak ngaruh banget mereka
annnxie,ya lihat urgensi anggar besar sangat tepat untuk hal sebut lihat banyak sekolah layak fasilitas utama daerah2 pelosok tambah gaji guru honorer sangat tidak manusiawi 300 ribu pun kena rapel
varldsfreden,1 dollar 16 ribu beras naik naik lulus sarjana 10 15 gaji nakes umk tuntut naik gaji pecat gaji guru honorer bawah umr anak smp bisa kali mahasiswa ptn sanggup biaya kuliah suruh pinjol this is what you call by success
yogatanaya,padahal awal jabat lumayan janji kurikulum merdeka konsep di lapang kacau mana gaji guru banyak kecil bom bicara guru honorer eh di solve malah ganti seragam
arkhamclinic,haduh tukang jadi akun baru netes pakai permen meyapa usah bicara manis cuma baju adat selesai gaji sejahtera  guru honorer tidak becus atur zonasi ancur main licik duit mikir
duunotfound,eh kaget nyata sama sama gaji honorer guru
vegapankzero,naik cuman gaji jabat biar korupsi kata padahal lebih manfaat nakes guru guru honorer dari jabat
chocoballhyuck,nadiem hormat mending rombak gaji guru honorer
4Sehat_5Scopus,betul saya cuma kritik urgensi ngrombak seragam padahal lebih banyak lain sistem didik lebih urgent benah contoh ada siswa boleh tinggal kelas sistem gaji guru honorer didik daerah 3t lain bagai kawan kawan
Dhif_28,putus politik si butuh bijak gaji guru honorer banyak butuh biaya banyak di dki guru honorer angkat kki gaji umr bpjs bebas pajak pbb anak nya dapat beasiswa didik cmiiw kurng tau dilanjutin pj
nastarbulat,menteri jokowi nih apa apa diurusin padahal yang lebih urgent kayak gaji guru honorer malah ngurusin seragam
Dhif_28,manggarai bukan ntt jakarta kek mungkin nakes gaji segitu gubernur sblmnya peduli guru honorer nakes puskesmas di kasih lift bahkan nakes tinggal pas covid kasih santun 2 ratus juta anak nya kasih bantu
lilaccountz,ratus nakes pecat demo minta gaji umr guru utama guru honorer gaji ratus ribu bulan itu macet kurs dollar naik banyak kaya raya pegang amanah rakyat tetap sibuk bagi kursi korup lihat ada begini hampir pesimis rasa mau hijrah
kembaliwaras,guru lihat berita apa buat manusia kenapa urus gaji honorer pj kepala sosial utama pj kepala sosial sd
yuhlookeasy,mending merjuangin gaji guru honorer baik sistem kurikulum merdeka ngurus begini tidak penting
wOidym13,pada ganti seragam mending gaji guru honorer
mxswxnn,padahal gede gaji kuliah timbang sing guru honorer
masnyakamuuuu,nakes guru honorer gaji ada
lalunalunaa_,gaji guru honorer loh harus diperhatiin tuh sih
cilokklucuu,ikhlas guru honorer gaji 300 ribu
agung_barbel,sama sih kaya beli pc terus tambahin lampu rgb biar nambah cepat ram napa ngurusin guru honorer gaji 300 ribu bulan biar dapet gaji layak gitu
flatlunar,tidak tunjukin mereka nyinyir sender gaji nguli lebih gede guru honorer malu
AndisBoga,gaji guru apa honorer
PROGRE55ING,sis no offense kek gaji kuliah lebih gede guru honorer
biwrru,banyak nambah atur kurikulum sama pakai gaji guru apa guru honorer pernah pikirin nadiem
EndoghDadar,halah wong gaji guru honorer cuilik lagak banding ojok mbe kuliah kowe wae golek kerja lewih apik rasah ngongkon pasang pie
firstemper0r,gaji guru honorer kaya bayar layak masa gaji honorer sama bayar tukang bangun gede tukang bangun
Dian_susahLogin,timbang nambah puyeng orangtua murid pak nadiem lebih fokus gaji status guru honorer ringan biaya didik anak indonesia lebih banyak kenyam didik lebih tinggicapek banget sama kurikulum ubah
SadamRevenge,urus dulu gaji guru honorer tidak ngotak mau apa ivan gunawan tri ngurusin baju
YoyokSan11,getu prestasi ada bagus2nya prestasi contoh msk universitas negri gratis gaji guru naik guru honorer sejahtera akhlak adab murid tingkat baik buli buli sekolah ponpes tindak tegas lain ganti seragam 4 what
nam_saying28,mending urusin dulu gaji guru honorer
ARichman9833482,pantes isi otak bansos makan gratis bocil naik gaji jabat gaji guru honorer makin cekik
vicksif,mau cari uang banyak mending pilih kerja guru mungkin langsung gaji gede istilah awal sokoan honorer dulu kadang tuh lihat masa kerja maksud ngajar berapa tapi kalau kamu langsung guru pns swasta mapan
yamakasiponsel,tahan gaji zolim apa tahan gaji guru zolimnya kuadrat pala thr kasi gaji guru honorer bayar alhamdulillah kali
miinnddaaa,suka sedih lihat guru honorer apa yang usia tua ya gaji guru kecil padahal tanggung dan tugas berat saja ngajar 4 bulan pkl sekolah negeri uda nyerah banget kayak bukan passion sih
RegisaputraAhay,gimana si thr guru honorer makan kemarin 800 ribu sekarang 600 ribu rang 50 masalah sekaligus 200 gaji dikit thr potong dinsos didik cirebon kerja gimana
DsvrEko,gaji guru lihat dulu honorer berapa
VIDIGARIBALDI1,duit rakyat dipake padahal bayar gaji thr guru honorer subsidi rakyat mampu baik gedung sekolah bayarin keluarga mampu sakit keras lain ya duit rakyat untuk rakyat malah penting pribadi golong
Sijampang_ngora,kuliah pgsd 4 dengan ipk 39 epekasi gaji min umr realitanya cuman gaji 350 ribu bulan emang bener jadi guru honorer kerja iklas banget tapi kadang ngedumel sih habis bensin
___seacide,dapat mudah tidak duga bukti telah lulus ngajar kurang satu jadi guru honorer gaji underpaid laluin telah aku lolos ppg beasiswa sekarang berkat aku lolos asn
rrnandr,doa ya mbak ini ambil gaji guru honorer moga lebih biasa 500-600 ribu bisa masak niat ken bagi makan ultahku tanggal 12 april
jake_aslam99,masalah gimana mau sedia guru 5 agama gaji guru honorer kondisi sekarang masih banyak tidak adil
naylaasaa,mana honorer tuh gaji kicil banget kasi kayak sekolah aku pns iur gitu lumayan nambahin gaji teman teman honorer pah terus yang di korwil gitu suka potong gaji pns ini padal guru kaya liat capek banget kan pah
fuctoyu,nang lihat guru honorer ni yang gaji 12rb apa sedih sekali
NandaSetyaa1,hadap pilih ppg rantau resiko biaya hidup or guru honorer gaji gasampe 1 juta cuma taun loh padahal gin
serambinews,momen guru honorer menang akhir dapat gaji sertifikasi sorot pasal tujuh nanti kini gaji sertifikasi bayar terima hak
Adriana21033305,siapa laksana perintah nya guru honorer ppk tetap 1 jam ajar berapa 30 ribu bulan 5 jam asumsi tiap minggu 1 jam lebih betul 150 1 bulan 20 jam ajar baru minggu 5 jam ajar jelas awal ppk daerah biasa gaji resmi bulan sepakat waktu cuma 5 jam bulan
kholiqulsyafaat,saran anak muda belum punya karir please usah daftar guru memang sih gampang daftar gaji dikit banget kasi keluarga fyi istri jadi guru honorer gaji cuman 15 juta cuma 10 20 gaji di marketing
misentodimorir,suka getir gasih sama fakta gaji guru honorer tuh tara sama dapat hari abang tukang somay yang jual depan sekolah
ZzarPark61,ah talking about guru apa yang honorer bener bener sedih ngeliatnya gaji berapa allah
ronzoro_,terlalu sih oknum guru ganti sama guru honorer jauh lebih bakti makan gaji buta itu nama tidak komitmen tempat sana jangan terima
VIVAcoid,miris gaji guru honorer rupiah 150 bulan warganet gimana hidup
SugionoLil5245,sekitar kampung gaji guru honorer paling tinggi 300 ribu kurang manusiawi zaman serba mehongkalo perintah bilang sejahtera rakyat bohong belaka
alinrawrd,2 gaji guru tadi upah bahas bagi atas miris ada guru senior tidak sertifikasi akibat sulit kejar syarat honorer senior
alinrawrd,1 gaji guru honorer iya gaji guru honorer sedikit liat 150000 bahkan lebih banyak guru honorer sekolah domisili dapet 128000 gila saja iya ada ternyat yang dapet gin
mohamme72844721,lak diri lain jelas intimidasi luurah hingga aparatur negara guru hingga honorer ancam juga tambah naik gaji lain plis deh
YuYura381129,usia tua honorer gimana yaaku sma sekali paham pns guru perintah tuh naikin gaji guru honorer jangan gaji jabat
kyurable,allah kasihan banget lihat semua guru honorer indonesia gara-gara masalah gaji tunjang saudara guru honorer terus kasih tau gaji gaakan cair lama 3 bulan thr ada gila kira tidak butuh biaya hidup
nocturnalforsa1,barang liat di korupsi kayak tol mbak apa makan tidak tahan lama makan siang gratis tidak naik gaji guru honorer guru layak hidup baik sarana prasarana sekolah tambah bila pada
Hemz_Ham,guru honorer serang sih guru negri nohh daerah papua beneran ngajar diitung jari sisa cuman nikmat gaji jangan papua di jawa daerah pelosok guru negri beneran ngajar dateng kelas beri materi dikit banget
Touwelse,bingung disepelein gin pns dulu gaji layak awal juga mau ambil jurus didik cuman nyokap tau akan hadap sama nama gaji guru honorer jadi tidak diizinin jadi pns susah banyak tahap
muichi_ryoumen,guru honorer gaji kecil nampaknya cukup karena kerja ikhlas di cukup sama allah gaji sampe 1 digit kadang guru honorer tuh samping banyak 2 3 kerja samping asal kalian tau
shiningsol0,heran sama instansi harus cairin hak guru honorer bisa sampe gaji dah kecil saja rapel padahal ngurusin tukin gaji giat diri saja rajin
fuzzy3303sf,padahal capres ingin maju didik eh malah pilih makan siang gratis guru honorer makin tidak harga suruh panitia makan siang kerja banyak gaji lawak dream job emang jabat sih apa nanti korupsi halal naik gaji
matchamekdii,mending naikin gaji guru honorer
aaaichaa16,naik gaji guru honorer thr jangan tunda tunda
justcurious2574,kaget anggota dprd sih enggak terlalu kasi hasil tunjuangan gede pake rusak gedung bangun pakai pajak rakyat gimana guru honorer gaji minim ada thr hati pikir di mana sih anggota dewan kata hormat amit
solaineune_,guru turut salah profesi paling terdzolimi negara olah jasa sumbangsih buat negara ada nilai padahal gaji hak tapi sering telat bayar iya kak sesuai atur menpan 2024 guru honorer dapat thr mereka asn
theblessedfg,sehat guru honorer luar suka sedih dengar rekan2 sama guru harga padahal guru orang akan bentuk pimpin bangsa lanjut guru minta kasih gaji puluh juta tidak harga guru manusia
radityarzq,kasi sumpah ada kelar nya polemik gaji guru honorer tani nelayan ayo siapa presiden bisa sejahtera 3 profesi tiga profesi pondasi utama dalam negara ibarat bangun turut
bobanyangg,abah guru honorer di smp 2008 gasalah beliau guru honorer memang bikin sakit hati banget tiap lihat gaji masuk rekening bayar tiga bulan sekali tiap tahun ada program bulat bikin pusing gaji berapa tuntut main
elsk_dina,please mulai sekarang bisa gaji guru honorer 1 juta atas bulan sekarang semua serba mahal oke harus syukur kalau tiap bulan 300 ribu gaji nya gimana cerita
Kotak_Berkat,guru honorer dapat thr tengah kali gaji kan kang gaji guru honorer berapa 250 300 ribu thr ya 125 150 ribu
melekinaja,banding ribut pramuka gaji guru honorer mohon lebih perhati masa malu 2024 negara biar guru bayar cuma ratus ribu
ampasmzz,sma dulu ngajarnya bener malah rata guru honorer pns nya 80 gaji buta
manabay_,pagi honorer guru sore kang tarik gerobak gaji narik gerobak 350 ribu bulan lebih gede gaji guru
Erdeawalia,sebenernya tuju banget sama fenomena murid wali murid ngasih hadiah guru kolektif kaya sekarang rame timbul senjang gratifikasi tapi lihat gaji guru utama honorer ya gimanaa cara lgsg guru gantung pada beri
liputan6dotcom,viral video guru honorer tunjuk gaji rupiah 150 ribu bulan warga nyesek sih
_nxttou,asli mending naikin gaji guru utama honorer naikin gaji jabat ujung ujung duit lari ani ani
nabiylarisfa,i ll say once and i ll say often berapa kali kurikulum ganti didik mana ajar tidak beri sejahtera layak guru honorer hak pasti kerja gaji layak
studiedwithme,gabisa banget ngeliat ginian allah anak orang guru honorer tau banget struggle nya tua aku nyari kerja samping karna gaji cukup hari karna personil rumah banyak
g0ngjunimm,abis nangisin panda ganti nangisin gaji guru honorer dah mau buka apa capek banget cengeng sudah
Pangeaq,mungkin andai balik gaji kpu guru honorer seperti lebih adil
sultonaw_,mungkin sih kayak masuk wilayah pasu ekonomi baik ya gede gaji guru honorer berapa sih turut memang lumayan miris fenomena guru honorer
annisa_maryam33,beneran sodara kan guru honorer gaji kadang 3 bulan sekali uang gaji disatuin 3 bulan kalah sama gaji umr bulan
precioushimj,sedih banget lihat guru umur honorer ya indonesia gaji guru tuh dikit tahu di brunei gaji guru tuh gede lah hidup di indonesia pns pas banget tambah honorer ada honorer usia segitu sih -
triviaaalove,aduh tega liat bapak 20 lebih guru honorer misal gabisa dapet gaji gede minimal kasih jamin sejahtera biar pas sudah saat pensiun tetap hidup layak kaya pensiun asn
seventeen_oppa,nadiem berapa jabat masih bisa kasih gaji layak guru utama guru honorer
oblivixci,tidak ngetik begini sembarang ibu sendiri guru honorer aku tau dikit gaji honorer kalau mau banyak tambah ama kerja lagi in case of my mom beliau ngebimbing anak pkl bikin lapor nulis ijazah panitia uji lain
brownpearll,sumpah pls gimana cara guru honorer tuh gaji padan bulan terus dapat thr huhu sedih banget padahal berat kerja cuma ngajarin murid
andikasulaksana,maaf pramuka penting untuk jadi ekstrakurikuler wajib pramuka bahkan sering kali ajang pelonco saya pramuka habis waktu mending minta pak nadiem mikirin gimana cara biar gaji guru honorer wajar
andieknowles,lebih penting bangun ikn naikin gaji anggota dewan makan siang gratis kaya nya banding mikirin gaji nasib guru honorer apa harga tak nila mata iblis sana insya allah bapak sangat tinggi nilai di mata tuhan yme aamiin
midnightikon,ibu guru honorer lebih 25 gaji nya paling banyak 500 ribu bulan sama ayah suruh henti ngajar ibu bilang cari uang ajar biar ilmu ibu ajar manfaat barokah beliau
mbok_tani,turut baik hindar ini gratifikasi kedok thr dalil kasihan diam mk guru ajar gratifikasi gaji guru honorer memang prihatin tugas perintah harus pikir aduh mau nulis banyak jumlah karakter batas
lesmbaran,gimana lihat daerah dan daerah guru honorer banyak banget duit dana bos nya sedikit mau mau gaji pun sedikit lagi jumlah siswa makin ganti makin sedikit di sekolah negeri banyak milih sekolah swasta
miekuah02,iya profesi guru suka diromantisasi ladang pahala sering disepelein apa gaji dikit kan dapet banyak pahala padahal kan guru hak sejahtera moga depan guru sama staf sekolah honorer gaji minimal umr
alfxnAcc,siapa sih ngasih gaji guru honorer kecil
rgnhrdt,inget pas smk tante jadi guru honorer sekolah tante nunjukin slip gaji nya 2012 gaji bulan sampe 100 ribu tuhan sedih banget liat
InayaSaraya,capek guru tuh ngurusin anak segitu banyak ada salah dikit guru kena segala macem omongin gaji sesuai kerja berat gaji kecil baik asn apa honorer
bcdthjj,dari lombok memang gaji guru tuh kecil dan derita sana bahkan sepuh banyak honorer miris banget dulu lihat guru yang sepuh pake motor butut sekolah jual es mambo and hurt me so bad kelar ngajar juga dia langsung ngarit
Menghenningkan,asli guru honorer sepuh tuh kasi kemarin cerita guru tinggal tes tinggal duluan gaji p3k nya cair asli yang umur sudah 50 tahun gitu langsung angkat gitu ngeliatnya tuh tidak tega
jarereza,tau gaji bapak guru honorer cukup anak guru honorer usah songong menta iphone menta aero kerja sana beban keluarga kamu pada heran
masgah_,suka kasihan lihat guru honorer indonesia gaji nya berapa kadang bayar bayar padahal punya keluarga harus di kasih nafkah
_sweetfriday_,ajak jadi tajir pls gaji guru honorer benar cekik
psycoooologic,271t bayar thr gaji guru honorer nyampe 71t aku memang paling biadab bijak sini
Nknnjs,moga perintah lebih peduli sama nasib guru honorer naikin gaji jabat mending naikin gaji guru honorer
neptwoonsh,guys jurus didik buruk kan yah iya emang gaji guru honorer dikit kan bakal seleksi cpns lain dan semua jenjang tahap tidak langsung sukses banget gitu loh
JeblukAkun,balada guru honorer saat lain thr hingga gaji 13 tetap syukur tak mejadi manusia kufur gaji kadang 3 6 bulan baru kumpul usah pamer thr mu berapa banyak org ekonomi bawah moga allah ridho sadar rezim buta
BukanMawar12,mantan guru honorer tahun tau betapa sangat zolimi negri lagi gaji 3 bulan sekali sering kena potong sama biaya butuh sekolah thr cuma ngandelin yayasan uang lebih ada
jerukkmanise,tolong gaji guru honorer beri perhati lebih yang cerdas anak bangsa
